DAY;ZOOM-ID
LU;0;18009-001:630:829;10092-005:830:959;21006-101:1000:1259;17011-001:1400:1559;17073-001:1600:1859;24103-006:1900:2159
LU;1;21112-101:700:959;21099-001:1000:1259;17026-003:1400:1659;17123-001:1700:2059
LU;2;32028-101:700:1159;17073-001:1200:1459;17099-001:1500:1659;17127-001:1700:1959
LU;3;32052-001:700:859;26102-003:900:1059;17035-001:1100:1359;17026-001:1400:1659;17007-005:1700:1959
LU;4;32006-103:700:1159;17012-001:1200:1359;21097-001:1400:1659;17007-003:1700:1959
LU;5;26113-001:700:859;26084-003:900:1159;17101-001:1200:1559;17084-001:1600:1959
LU;6;26102-001:700:859;18008-001:900:1159;17034-001:1200:1359;21031-001:1400:1659;17007-001:1700:1959
LU;7;20021-001:700:1159;26084-005:1200:1259;21031-101:1400:1659;17007-007:1700:1959
LU;8;20012-001:700:1859;24051-002:1900:2159
LU;9;12051-001:700:859;18005-001:900:1059;17052-001:1100:1359;21098-005:1400:1659;17113-001:1700:1959
LU;10;06223-001:700:959;21031-003:1000:1259;21038-001:1400:1659;21031-105:1700:1959
LU;11;06221-017:700:959;21031-103:1000:1259;32001-001:1400:1559;32013-001:1600:1759;17117-001:1800:1959
LU;12;15000-007:700:859;20053-013:900:1059;17126-001:1100:1359;32013-003:1400:1659;25012-001:1700:1959
LU;13;15001-001:700:959;21014-003:1000:1259;32003-001:1400:1659;32051-001:1700:1859;10131-003:1900:2159
LU;14;15002-001:700:859;20053-005:900:1059;17126-005:1100:1359;11313-101:1400:1559;26126-001:1600:1759;25033-101:1800:2059
LU;15;24052-005:700:959;21014-001:1000:1259;11329-001:1400:1659;18011-001:1700:1859;22032-003:1900:2159
LU;16;10092-007:700:829;05249-001:830:1129;18004-001:1200:1359;11289-001:1400:1659;18009-005:1700:1859;02736-002:1900:2159
LU;17;10116-001:700:829;09481-001:830:959;21102-001:1000:1259;11338-003:1400:1659;18008-007:1700:1859;02743-002:1900:2159
LU;18;10094-001:700:829;09748-003:830:959;21123-001:1000:1259;26030-001:1400:1659;15013-001:1700:1859;31032-001:1900:2159
LU;19;10177-001:700:959;11338-001:1000:1259;26116-001:1400:1659;22010-001:1700:1959
LU;20;22062-001:700:959;26010-103:1000:1259;26010-003:1400:1559;26123-001:1600:1759;32029-001:1800:2059
LU;21;22085-001:700:959;26010-101:1000:1259;26084-005:1400:1559;26016-101:1600:1859;31030-001:1900:2159
LU;22;04168-001:700:859;12019-001:900:1259;12163-001:1400:1659;31006-103:1700:1959
LU;23;01307-001:700:959;18049-001:1000:1159;18012-001:1200:1359;12180-001:1400:1659;31008-003:1700:1859;31020-003:1900:2159
LU;24;02597-001:700:959;18049-003:1000:1159;18031-001:1200:1359;12183-001:1400:1659;31031-001:1700:1859;05198-005:1900:2159
LU;25;02625-001:700:959;18009-003:1000:1059;17106-001:1100:1359;12140-001:1400:1659;08307-003:1700:1859;29016-003:1900:2159
LU;26;07217-001:700:959;12135-001:1000:1259;12165-001:1400:1659;33026-001:1700:1859;29027-003:1900:2159
LU;27;07004-001:700:859;12064-001:900:1259;12155-001:1400:1559;20011-003:1600:1859;29044-003:1900:2159
LU;28;07272-001:700:859;15000-001:900:1059;17005-003:1100:1359;12129-001:1400:1659;09706-001:1700:1859;09674-003:1900:2159
LU;29;07006-023:700:859;15000-005:900:1059;17005-001:1100:1359;12156-001:1400:1659;11322-001:1800:1959
LU;30;07008-037:700:859;04223-017:900:959;12085-001:1000:1259;06277-001:1400:1659;18128-001:1800:1959
LU;31;05225-003:700:959;06232-001:1000:1259;06221-013:1400:1659;06179-001:1800:1959
LU;32;16002-025:700:859;04168-007:900:1059;21039-001:1100:1259;06222-001:1400:1659;06179-003:1800:1959
LU;33;16020-001:700:959;06254-001:1000:1259;15018-001:1400:1559;20033-001:1600:1859
LU;34;08272-007:700:859;07003-005:900:1059;11238-005:1100:1259;24075-001:1400:1659;06179-005:1800:1959
LU;35;08272-019:700:859;07270-001:900:1059;26084-001:1100:1259;24087-001:1400:1659;06179-007:1800:1959
LU;36;08272-005:700:859;07005-019:900:1059;18113-001:1100:1259;10152-001:1400:1659;06179-009:1800:1959
LU;37;08274-001:700:859;07006-033:900:1059;18009-003:1100:1359;10104-003:1400:1559;15000-013:1600:1759;15016-001:1800:1959
LU;38;08171-001:700:859;07008-027:900:1059;18008-003:1100:1259;10155-003:1400:1559;10155-001:1600:1759;15014-001:1800:2059
LU;39;08131-001:700:859;05250-003:900:1059;18008-005:1100:1259;10122-003:1400:1659;10126-001:1800:2059
LU;40;03098-005:700:959;06221-007:1000:1259;10153-001:1400:1659;07007-035:1800:1959
LU;41;33007-001:700:859;16002-027:900:1059;20053-015:1100:1259;23100-001:1400:1659;05300-001:1800:2059
LU;42;33017-101:700:859;08272-027:900:1059;20053-007:1100:1259;23203-001:1400:1659;05177-003:1800:1959
LU;43;00101-031:700:959;06180-007:1000:1259;23008-001:1400:1659;08296-001:1800:1959
LU;44;00101-021:700:959;06178-005:1000:1259;23049-001:1400:1659;08286-021:1800:1959
LU;45;09703-001:700:829;09721-013:830:929;10106-001:1000:1259;23048-001:1400:1659;08286-039:1800:1959
LU;46;09686-001:700:829;08272-003:900:1059;12133-001:1100:1259;22002-001:1400:1659;08286-013:1800:1959
LU;47;09748-001:700:829;08272-017:900:1059;12006-001:1100:1259;22014-001:1400:1759;08286-001:1800:1959
LU;48;09652-001:700:829;08272-009:900:1059;12056-001:1100:1259;22007-001:1400:1659;03105-005:1800:2059
LU;49;09627-001:700:859;08274-003:900:1059;06248-001:1100:1259;04171-001:1400:1659;33012-053:1800:1859
LU;50;20056-001:800:1659;09704-003:1800:1929
LU;51;20056-003:800:1659;09736-001:1800:1959
LU;52;33012-019:800:859;08171-003:900:1059;06248-003:1100:1259;04223-015:1400:1659;05251-001:1830:2129
LU;53;09746-001:800:959;10159-001:1000:1259;04168-005:1400:1559;22076-001:1600:1859
LU;54;08273-025:900:1059;15016-001:1100:1259;04186-001:1400:1459;04186-001:1500:1659
LU;55;08131-003:900:1059;04121-007:1100:1259;04231-001:1400:1559;04236-001:1600:1759
LU;56;08286-047:900:1059;04167-005:1100:1259;01349-001:1400:1659
LU;57;08286-007:900:1059;05249-003:1100:1259;01303-003:1400:1659
LU;58;08286-025:900:1059;05250-001:1100:1259;01302-019:1400:1659
LU;59;08286-031:900:1059;08272-001:1100:1259;01362-009:1400:1659
LU;60;08286-045:900:1059;08272-011:1100:1259;02608-001:1400:1659
LU;61;33031-001:900:1059;08274-005:1100:1259;02631-001:1400:1659
LU;62;33003-081:900:959;10207-001:1000:1259;02750-001:1400:1759
LU;63;33012-013:900:959;10193-001:1000:1259;02722-001:1400:1659
LU;64;33030-005:900:1059;08286-009:1100:1259;02728-001:1400:1659
LU;65;09734-001:900:1059;08286-041:1100:1259;02737-001:1400:1659
LU;66;09627-003:900:1059;08286-035:1100:1259;02625-003:1400:1659
LU;67;23163-001:1000:1259;31001-001:1400:1559;04167-009:1600:1759
LU;68;23193-001:1000:1259;31009-001:1400:1559;31026-001:1600:1759
LU;69;23162-001:1000:1259;31000-001:1400:1659
LU;70;23092-001:1000:1259;31012-001:1400:1659
LU;71;22059-001:1000:1259;07214-001:1400:1659
LU;72;22098-001:1000:1259;07002-005:1400:1559;05167-003:1600:1759
LU;73;22055-001:1000:1259;07003-011:1400:1559;16001-039:1600:1729
LU;74;22095-001:1000:1259;07268-001:1400:1559;16001-027:1600:1729
LU;75;04216-001:1000:1259;07006-019:1400:1559;16002-021:1600:1759
LU;76;04230-001:1000:1259;07007-021:1400:1559;08272-015:1600:1759
LU;77;01338-001:1000:1259;07008-023:1400:1559;08272-029:1600:1759
LU;78;01359-001:1000:1259;05167-001:1400:1559;08272-025:1600:1759
LU;79;01303-001:1000:1259;05323-001:1400:1659
LU;80;01302-011:1000:1259;05162-001:1400:1559;08299-003:1600:1759
LU;81;02718-001:1000:1259;16001-011:1400:1529;08301-003:1600:1759
LU;82;02646-001:1000:1259;16002-011:1400:1559;08273-021:1600:1759
LU;83;02655-001:1000:1259;16014-001:1400:1659
LU;84;02631-003:1000:1259;08272-023:1400:1559;08273-037:1600:1759
LU;85;02741-001:1000:1259;08272-013:1400:1559;08286-011:1600:1759
LU;86;02712-001:1000:1259;08272-031:1400:1559;08286-019:1600:1759
LU;87;02669-001:1000:1259;08272-021:1400:1559;08286-031:1600:1759
LU;88;31006-101:1000:1259;08295-003:1400:1559;08286-037:1600:1759
LU;89;31019-001:1000:1259;08299-001:1400:1559;33027-001:1600:1759
LU;90;07216-001:1000:1259;08296-003:1400:1559;33018-003:1600:1759
LU;91;05225-005:1000:1259;08301-001:1400:1559;09331-003:1600:1859
LU;92;05226-001:1000:1159;18133-001:1200:1359;08273-023:1400:1559;09713-001:1600:1759
LU;93;05312-001:1000:1259;03167-005:1400:1659
LU;94;08279-007:1000:1259;03199-001:1400:1659
LU;95;03098-001:1000:1259;03170-001:1400:1659
LU;96;03170-003:1000:1259;03168-003:1400:1659
LU;97;03097-003:1000:1259;03097-001:1400:1659
LU;98;03105-007:1000:1259;03123-007:1400:1659
LU;99;03194-001:1000:1259;03123-001:1400:1659
LU;100;33012-009:1000:1059;03165-001:1100:1259;03105-003:1400:1659
LU;101;33012-045:1000:1059;33001-003:1100:1259;33011-001:1400:1559;09732-001:1600:1759
LU;102;00101-001:1000:1259;33021-001:1400:1559;09721-011:1600:1759
LU;103;00101-039:1000:1259;33018-001:1400:1559
LU;104;09721-001:1000:1159;18048-001:1200:1359;33033-001:1400:1559
LU;105;33012-011:1100:1159;05226-001:1200:1259;00101-023:1400:1659
LU;106;33017-039:1100:1159;33008-049:1200:1259;29000-001:1400:1659
LU;107;09687-001:1100:1229;29001-001:1400:1659
LU;108;09704-001:1100:1229;09755-001:1400:1659
LU;109;09551-101:1100:1259;09441-001:1400:1659
LU;110;09702-001:1100:1259;09724-001:1400:1529
LU;111;09702-003:1100:1259;09707-001:1400:1659
LU;112;33012-023:1200:1259;03162-001:1500:1759
MA;0;18009-001:630:829;21016-001:830:959;21159-001:1000:1129;21159-003:1130:1259;17097-001:1300:1359;17062-001:1400:1559;17101-001:1600:1959
MA;1;21006-105:700:959;21006-003:1000:1129;21006-001:1130:1259;07170-001:1300:1359;17083-003:1400:1659;17018-005:1700:1959
MA;2;21006-103:700:959;21016-101:1000:1259;07175-001:1300:1359;17083-001:1400:1659;17018-003:1700:1959
MA;3;21112-001:700:829;10158-003:830:959;32000-001:1000:1259;07162-001:1300:1359;21147-001:1400:1559;21000-105:1600:1859;24110-002:1900:2159
MA;4;25038-003:700:859;21000-001:900:1059;17026-003:1100:1359;21026-001:1400:1559;21147-003:1600:1759;17009-001:1800:2059
MA;5;32046-001:700:959;26022-103:1000:1259;07254-001:1300:1359;25036-001:1400:1629;25033-001:1630:1859;24053-002:1900:2159
MA;6;32006-001:700:959;26012-105:1000:1259;07246-001:1300:1359;25005-001:1400:1559;21123-101:1600:1859;01303-025:1900:2159
MA;7;11313-003:700:859;25035-003:900:1059;17026-001:1100:1359;32007-103:1400:1659;17018-001:1700:1959
MA;8;11236-001:700:859;11237-003:900:1059;17054-001:1100:1359;11121-103:1400:1559;25005-003:1600:1759;17091-001:1800:1959
MA;9;11320-001:700:959;26012-101:1000:1259;11322-003:1400:1659;17027-001:1700:1959
MA;10;11335-001:700:859;26092-001:900:1059;17126-001:1100:1359;26022-001:1400:1559;11239-003:1600:1759;28003-001:1800:2159
MA;11;11325-003:700:859;26004-001:900:1059;17126-003:1100:1359;26094-001:1400:1559;11238-003:1600:1759;18005-001:1800:1959
MA;12;11237-001:700:859;18009-001:900:1059;17106-001:1100:1359;26006-001:1400:1559;11238-001:1600:1759;12172-001:1800:2059
MA;13;26008-001:700:859;18008-001:900:1159;17073-001:1200:1459;17097-001:1500:1759;06265-003:1800:2059
MA;14;26006-003:700:859;20060-001:900:1059;17108-001:1100:1259;26002-001:1400:1559;26078-001:1600:1859;02619-002:1900:2159
MA;15;26108-001:700:859;20011-001:900:1059;21000-003:1100:1259;12044-001:1400:1659;17039-001:1700:1959
MA;16;26014-001:700:859;12045-001:900:1259;12139-001:1400:1759;06265-004:1800:2059
MA;17;20012-001:700:1859;08294-005:1900:2059
MA;18;12127-001:700:1059;21029-003:1100:1259;12049-003:1400:1759;06180-001:1800:1959
MA;19;06199-003:700:959;18049-001:1000:1159;17012-001:1200:1359;12048-001:1400:1659;32007-001:1700:1859;03102-002:1900:2159
MA;20;06221-011:700:959;18049-003:1000:1159;17084-001:1200:1559;26092-005:1600:1759;06180-005:1800:1959
MA;21;06179-005:700:959;12055-001:1000:1259;12018-001:1400:1759;06180-007:1800:1959
MA;22;24023-001:700:859;12018-003:900:1259;12062-001:1400:1759;06180-009:1800:1959
MA;23;10167-001:700:959;12159-001:1000:1259;12160-001:1400:1659;18049-001:1700:1859;30000-003:1900:2059
MA;24;10092-001:700:829;10147-001:830:959;06224-001:1000:1159;17034-001:1200:1459;05268-001:1500:1759;24055-001:1800:2059
MA;25;10114-003:700:959;06168-003:1000:1259;12124-001:1400:1759;24009-001:1800:2059
MA;26;10147-003:700:829;10094-013:830:959;06210-001:1000:1259;06224-005:1400:1529;10112-001:1530:1659;18011-001:1700:1859
MA;27;10109-001:700:829;07210-007:830:959;06199-001:1000:1259;06168-001:1400:1659;18006-003:1700:1859
MA;28;10133-001:700:859;12062-003:900:1259;06232-003:1400:1659;18006-001:1700:1859
MA;29;23050-001:700:959;06179-003:1000:1259;06221-015:1400:1659;18009-003:1700:1859
MA;30;23143-001:700:959;15004-001:1000:1259;06179-001:1400:1659;18008-007:1700:1859
MA;31;22060-001:700:959;24007-001:1000:1259;15000-009:1400:1559;26094-003:1600:1759;10220-001:1800:2059
MA;32;22039-001:700:959;10158-001:1000:1129;10094-015:1130:1259;15018-003:1400:1559;26002-003:1600:1759;23197-001:1800:2059
MA;33;22006-001:700:859;06224-003:900:1159;18004-001:1200:1359;24086-001:1400:1659;20018-001:1700:1859
MA;34;04222-003:700:859;15000-003:900:1059;25035-001:1100:1259;10152-001:1400:1659;20040-001:1700:1959
MA;35;04208-001:700:859;15028-001:900:959;10126-003:1000:1259;10104-001:1400:1559;26010-105:1600:1859
MA;36;04214-001:700:959;10114-001:1000:1259;10094-009:1400:1529;10094-017:1530:1659;15019-001:1700:1859
MA;37;04169-001:700:859;24017-001:900:1059;11239-001:1100:1259;10101-001:1400:1559;20064-001:1600:1729;23196-001:1800:2059
MA;38;01303-005:700:959;10094-011:1000:1129;07211-003:1130:1259;23202-001:1400:1659;10160-003:1700:1859
MA;39;31012-105:700:1259;23204-001:1400:1659;10092-003:1700:1829;25019-001:1830:2129
MA;40;31021-101:700:1259;22021-001:1400:1559;15000-011:1600:1759;31009-003:1800:1959
MA;41;31002-001:700:859;24012-001:900:1159;18001-001:1200:1359;22011-001:1400:1559;10161-003:1600:1729;31027-001:1800:1959
MA;42;31002-003:700:859;24091-001:900:1259;22046-001:1400:1559;10160-001:1600:1759;07008-043:1800:1959
MA;43;07211-001:700:829;16001-029:830:959;10153-003:1000:1259;04234-001:1400:1659;04223-001:1700:1959
MA;44;07001-001:700:859;10103-001:900:1059;11239-107:1100:1259;04168-011:1400:1559;10221-001:1600:1759;05315-001:1800:2059
MA;45;07003-001:700:859;22019-001:900:1259;04170-001:1400:1559;22027-001:1600:1759;05167-005:1800:1959
MA;46;07004-009:700:859;04223-005:900:1159;18014-001:1200:1359;04169-009:1400:1559;22001-001:1600:1759;05221-003:1800:2159
MA;47;07005-001:700:859;04184-001:900:1059;11238-007:1100:1259;04167-003:1400:1559;22064-001:1600:1859
MA;48;07271-001:700:859;04169-003:900:1059;11234-001:1100:1259;01332-003:1400:1659;07276-001:1700:1859
MA;49;07006-001:700:859;31006-001:900:1059;26092-003:1100:1259;01354-001:1400:1659;33003-101:1700:1859
MA;50;07006-029:700:859;07266-001:900:1059;26004-003:1100:1259;01303-009:1400:1659;33017-043:1700:1759;05231-001:1800:2059
MA;51;07273-001:700:859;07003-013:900:1059;18113-001:1100:1259;01302-015:1400:1659;30000-001:1700:1859
MA;52;07007-017:700:859;07004-017:900:1059;18006-003:1100:1359;02634-001:1400:1759;05214-003:1800:2159
MA;53;07007-013:700:859;07004-005:900:1059;18006-001:1100:1359;02638-001:1400:1759;33028-001:1800:1959
MA;54;07008-005:700:859;07269-001:900:1059;18013-001:1100:1359;31004-001:1400:1559;04223-023:1600:1759;33012-043:1800:1859
MA;55;07008-013:700:859;07005-021:900:1059;18009-003:1100:1359;31008-001:1400:1559;04191-005:1600:1759;33026-003:1800:1959
MA;56;07008-041:700:859;07005-007:900:1059;18099-001:1100:1259;07212-001:1400:1529;07213-001:1530:1659;09721-015:1700:1759;09738-003:1800:2059
MA;57;05213-001:700:959;23199-001:1000:1259;07002-001:1400:1559;04167-007:1600:1759;09744-001:1800:1959
MA;58;05164-007:700:1059;18008-003:1100:1259;07003-007:1400:1559;31004-103:1600:1859
MA;59;05275-001:700:959;23099-001:1000:1259;07004-007:1400:1559;31014-003:1600:1759;09737-001:1800:2059
MA;60;05180-001:700:859;07006-005:900:1059;18008-005:1100:1259;07005-013:1400:1559;31021-001:1600:1759;09711-103:1800:1959
MA;61;16001-003:700:829;16001-019:830:959;23002-001:1000:1259;07006-027:1400:1559;07003-015:1600:1759;09725-001:1800:1959
MA;62;16001-033:700:829;09651-001:830:959;04215-001:1000:1259;07006-013:1400:1559;07004-011:1600:1759;09628-001:1800:2059
MA;63;16002-029:700:859;07007-031:900:1059;18000-001:1100:1259;07007-015:1400:1559;07005-017:1600:1759;10092-009:1830:2129
MA;64;16002-015:700:859;07007-001:900:1059;20037-003:1100:1359;07007-011:1400:1559;07006-003:1600:1759;10094-025:1830:2129
MA;65;08272-019:700:859;07008-007:900:1059;12126-001:1100:1259;07008-025:1400:1559;07007-025:1600:1759;08279-009:1830:2129
MA;66;08300-001:700:859;07008-017:900:1059;15020-001:1100:1259;07008-011:1400:1559;07007-029:1600:1759
MA;67;08300-007:700:859;16002-017:900:1059;10103-003:1100:1259;07219-001:1400:1659
MA;68;08294-001:700:859;08091-003:900:1059;04168-003:1100:1259;07232-001:1400:1659
MA;69;08290-001:700:859;08272-017:900:1059;04187-001:1100:1259;07229-001:1400:1529;07008-021:1600:1759
MA;70;08171-005:700:859;08272-009:900:1059;04121-005:1100:1259;05249-003:1400:1559;07008-033:1600:1759
MA;71;08289-001:700:859;08301-005:900:1059;04121-003:1100:1259;05249-001:1400:1559;05166-001:1600:1759
MA;72;08273-017:700:859;08290-003:900:1059;04167-011:1100:1259;05164-005:1400:1759
MA;73;08273-011:700:859;08171-007:900:1059;07265-001:1100:1259;05191-003:1400:1559;05173-001:1600:1759
MA;74;08287-001:700:859;08303-001:900:1059;07003-009:1100:1259;05294-003:1400:1659
MA;75;08288-013:700:859;08273-019:900:1059;07267-001:1100:1259;16001-007:1400:1529;16001-037:1600:1729
MA;76;08288-001:700:859;08273-029:900:1059;07004-015:1100:1259;16002-013:1400:1559;16001-021:1600:1729
MA;77;08131-005:700:859;08286-027:900:1059;07004-003:1100:1259;08091-005:1400:1559;16002-031:1600:1759
MA;78;03105-001:700:959;04190-001:1000:1259;08272-023:1400:1559;16002-001:1600:1759
MA;79;03206-001:700:959;01332-001:1000:1259;08295-005:1400:1559;08272-015:1600:1759
MA;80;33005-003:700:859;08286-049:900:1059;07005-015:1100:1259;08301-009:1400:1559;08300-005:1600:1759
MA;81;33008-101:700:859;33015-001:900:1059;07006-025:1100:1259;08274-009:1400:1559;08274-007:1600:1759
MA;82;33012-101:700:859;33024-001:900:1059;07006-011:1100:1259;08278-001:1400:1559;08275-001:1600:1759
MA;83;33017-103:700:859;33003-103:900:1059;07007-019:1100:1259;08293-005:1400:1559;08278-003:1600:1759
MA;84;00101-033:700:959;01303-007:1000:1259;08171-011:1400:1559;08278-005:1600:1759
MA;85;00101-025:700:959;01302-003:1000:1259;08273-009:1400:1559;08293-001:1600:1759
MA;86;09703-003:700:829;33003-045:900:959;07235-001:1000:1259;08273-007:1400:1559;08171-009:1600:1759
MA;87;09640-001:700:959;07215-001:1000:1129;07229-005:1130:1259;08276-001:1400:1559;08273-031:1600:1759
MA;88;09640-002:700:959;07218-001:1000:1259;08288-005:1400:1559;08273-005:1600:1759
MA;89;11264-001:730:959;07230-001:1000:1129;16001-015:1130:1259;08131-015:1400:1559;08288-007:1600:1759
MA;90;17033-001:800:1059;07007-003:1100:1259;08286-029:1400:1559;08131-011:1600:1759
MA;91;20056-001:800:1659
MA;92;20056-003:800:1659
MA;93;20039-001:800:1759
MA;94;20005-001:800:1159;18031-001:1200:1359;08286-025:1400:1559;08286-015:1600:1759
MA;95;20037-001:800:1059;07008-009:1100:1259;03205-003:1400:1659
MA;96;06224-009:800:959;05252-001:1000:1259;03146-003:1400:1659
MA;97;33012-047:800:859;33003-067:900:959;05311-001:1000:1259;03149-001:1400:1659
MA;98;33003-057:900:959;05294-001:1000:1259;03123-009:1400:1659
MA;99;33008-015:900:959;16001-009:1000:1129;16001-005:1130:1259;03206-009:1400:1659
MA;100;33008-035:900:959;16001-001:1000:1129;09749-001:1130:1259;33023-001:1400:1559;08286-043:1600:1759
MA;101;33014-001:900:1259;33003-021:1400:1459;33003-049:1500:1559;08286-001:1600:1759
MA;102;09710-001:900:1059;07008-029:1100:1259;33003-051:1400:1459;33012-049:1500:1559;33005-001:1600:1759
MA;103;09710-003:900:1059;07008-039:1100:1259;33017-001:1400:1459;33012-007:1500:1559;33003-047:1600:1659
MA;104;09705-001:900:1059;05173-003:1100:1259;33030-001:1400:1559;33012-003:1600:1659
MA;105;09728-001:900:1059;16002-023:1100:1259;00101-027:1400:1659
MA;106;09714-001:900:1059;16024-001:1100:1259;30003-003:1400:1759
MA;107;09721-003:900:1059;08272-001:1100:1259;30002-001:1400:1759
MA;108;04223-021:930:1229;09759-001:1400:1659
MA;109;04223-007:930:1059;08301-007:1100:1259;09746-001:1400:1559;33017-041:1600:1659
MA;110;04223-011:930:1059;08273-027:1100:1259;09739-001:1400:1559;33017-045:1600:1659
MA;111;03098-003:1000:1259;09726-001:1400:1659
MA;112;03170-005:1000:1259;09641-011:1400:1659
MA;113;03205-001:1000:1259;09641-012:1400:1659
MA;114;03146-001:1000:1259;33017-003:1500:1559;33030-003:1600:1759
MA;115;03189-001:1000:1259;33017-023:1500:1559;09739-003:1600:1759
MA;116;03172-001:1000:1259;09729-001:1600:1759
MA;117;03123-003:1000:1259;09711-101:1600:1759
MA;118;03173-001:1000:1259
MA;119;03206-007:1000:1259
MA;120;03202-001:1000:1259
MA;121;33003-069:1000:1059;08273-013:1100:1259
MA;122;33008-001:1000:1059;08306-001:1100:1259
MA;123;33008-051:1000:1059;08131-009:1100:1259
MA;124;33017-015:1000:1059;08286-051:1100:1259
MA;125;33017-037:1000:1059;33015-003:1100:1259
MA;126;33017-047:1000:1059;33024-003:1100:1259
MA;127;00101-003:1000:1259
MA;128;09641-001:1000:1259
MA;129;09641-002:1000:1259
MA;130;33003-073:1100:1159;18003-001:1200:1359
MA;131;33003-019:1100:1159;18048-001:1200:1359
MA;132;33003-071:1100:1159;18123-001:1200:1359
MA;133;33012-051:1100:1159;20036-005:1200:1359
MA;134;09551-001:1100:1259
MA;135;09481-101:1100:1259
MA;136;09762-001:1100:1259
MA;137;20023-001:1200:1359
MA;138;33003-017:1200:1259
MI;0;18009-001:630:829;21022-001:830:959;21000-101:1000:1259;17127-003:1400:1659;17018-007:1700:1959;04232-001:2000:2159
MI;1;21169-001:700:959;21098-001:1000:1259;17062-001:1400:1659;17018-003:1700:1959
MI;2;21008-001:700:959;21105-001:1000:1259;17118-001:1400:1659;17018-001:1700:1959
MI;3;25038-001:700:859;17100-001:900:1159;17073-001:1200:1459;17097-001:1500:1759;17017-001:1800:1959
MI;4;32011-101:700:1159;17012-001:1200:1359;17029-001:1400:1659;17009-001:1700:1959
MI;5;32052-001:700:859;11239-109:900:1059;17121-001:1100:1359;17124-001:1400:1659;17027-001:1700:1959
MI;6;32006-101:700:1159;17123-001:1200:1359;21033-001:1400:1559;17114-001:1600:1859;25033-103:1900:2159
MI;7;11236-003:700:859;11238-009:900:1059;17072-003:1100:1459;33003-035:1500:1559;21000-103:1600:1859;24051-004:1900:2159
MI;8;11121-001:700:859;26008-101:900:1259;21132-001:1400:1659;17039-001:1700:1959
MI;9;26114-001:700:959;21162-001:1000:1259;32005-101:1400:1959
MI;10;26012-001:700:859;26012-003:900:1059;17072-001:1100:1459;33008-023:1500:1559;11322-005:1600:1759;17034-001:1800:1959
MI;11;26113-001:700:859;26102-003:900:1059;17054-001:1100:1359;32001-001:1400:1559;26022-105:1600:1859;24053-006:1900:2159
MI;12;26099-003:700:859;26014-101:900:1259;11313-001:1400:1559;26008-003:1600:1759;25019-003:1800:2059
MI;13;26102-001:700:859;18009-001:900:1059;17005-003:1100:1359;11239-005:1400:1559;26006-101:1600:1859;24075-002:1900:2159
MI;14;26010-001:700:859;18008-001:900:1159;17045-009:1200:1359;11239-101:1400:1559;26006-105:1600:1859;24132-002:1900:2159
MI;15;26016-001:700:829;10092-005:830:959;32005-001:1000:1259;11238-101:1400:1559;26123-001:1600:1759;32049-001:1800:2059
MI;16;20012-001:700:1859;01342-002:1900:2159
MI;17;12181-001:700:959;11339-001:1000:1259;11325-001:1400:1559;26066-001:1600:1759;18005-001:1800:1959
MI;18;12051-001:700:859;12056-001:900:1259;26022-003:1400:1559;26102-103:1600:1859;01313-002:1900:2159
MI;19;12145-001:700:959;26004-103:1000:1259;26099-001:1400:1559;26108-101:1600:1859;02564-002:1900:2159
MI;20;06265-001:700:959;18012-001:1000:1159;17045-001:1200:1359;26010-003:1400:1559;26002-105:1600:1859
MI;21;06265-002:700:959;18049-001:1000:1159;17045-005:1200:1359;18128-001:1400:1559;26084-007:1600:1759;12037-001:1800:2059
MI;22;06181-001:700:959;18144-001:1000:1359;20038-001:1400:1759;06181-001:1800:1959
MI;23;06178-001:700:959;18144-003:1000:1359;12131-001:1400:1759;06181-003:1800:1959
MI;24;15000-007:700:859;12142-001:900:1259;12137-001:1400:1759;10159-003:1800:2059
MI;25;15015-001:700:959;12052-001:1000:1259;12044-003:1400:1659;17091-001:1700:1959
MI;26;15002-001:700:859;12130-001:900:1259;12166-001:1400:1759;10213-001:1800:2059
MI;27;24123-001:700:959;12053-001:1000:1259;12114-001:1400:1759;23096-001:1800:2059
MI;28;24052-001:700:959;12184-001:1000:1259;12128-001:1400:1759;04232-001:1800:1959
MI;29;10157-001:700:959;06216-001:1000:1259;12019-003:1400:1759;01312-001:1800:2059
MI;30;10092-007:700:829;10094-019:830:959;06257-003:1000:1259;12064-003:1400:1759;01326-002:1800:2059
MI;31;10116-001:700:829;04223-003:830:959;06180-001:1000:1259;12157-001:1400:1659;21109-001:1700:1859
MI;32;10164-003:700:859;15000-001:900:1059;17005-001:1100:1359;12134-001:1400:1759;31030-003:1800:2059
MI;33;10164-001:700:859;15000-005:900:1059;17108-001:1100:1259;06224-005:1400:1529;18123-001:1600:1759;07007-035:1800:1959
MI;34;10094-001:700:829;07210-005:830:959;06181-003:1000:1259;06216-003:1400:1659;25036-003:1700:1959
MI;35;23090-001:700:959;06178-003:1000:1259;06248-003:1400:1659;32051-001:1700:1859
MI;36;22055-003:700:959;15012-001:1000:1259;06178-007:1400:1659;11321-003:1700:1959
MI;37;22026-001:700:959;24130-001:1000:1259;15018-001:1400:1559;20062-001:1600:1759;05306-001:1800:2059
MI;38;04171-005:700:959;10156-003:1000:1129;21006-005:1130:1259;15019-003:1400:1559;15000-013:1600:1759;05246-001:1800:2159
MI;39;04192-001:700:959;10209-001:1000:1259;24085-001:1400:1659;11340-001:1700:1959
MI;40;04168-001:700:859;24090-001:900:1259;24054-001:1400:1659;18011-001:1700:1859
MI;41;04168-009:700:859;10162-003:900:1059;21029-005:1100:1259;24006-001:1400:1759;05177-003:1800:1959
MI;42;01303-011:700:959;10094-003:1000:1129;10156-001:1130:1259;24126-001:1400:1659;18006-003:1700:1859
MI;43;02648-001:700:959;10136-001:1000:1259;24018-001:1400:1759;05177-001:1800:2159
MI;44;02731-001:700:959;23051-001:1000:1259;10152-001:1400:1659;18006-001:1700:1859
MI;45;31021-103:700:1259;10104-003:1400:1559;10155-001:1600:1759;08296-001:1800:1959
MI;46;31003-001:700:859;22015-001:900:1259;10096-001:1400:1659;18009-005:1700:1859
MI;47;07004-001:700:859;04223-017:900:959;23096-003:1000:1259;10155-003:1400:1559;04236-001:1600:1759;08286-039:1800:1959
MI;48;07005-003:700:859;04223-019:900:959;23198-001:1000:1259;10094-023:1400:1529;04169-007:1600:1759;08286-013:1800:1959
MI;49;07272-001:700:859;04168-007:900:1059;21029-001:1100:1259;23015-001:1400:1659;18008-007:1700:1859
MI;50;07006-031:700:859;04121-009:900:1059;11239-103:1100:1259;23184-001:1400:1659;20069-001:1700:2059
MI;51;07006-023:700:859;07002-003:900:1059;11238-005:1100:1259;23047-001:1400:1659;06216-001:1700:1859
MI;52;07007-007:700:859;07003-005:900:1059;18113-001:1100:1259;22061-001:1400:1659;06168-001:1700:1859
MI;53;07007-027:700:859;07003-017:900:1059;18006-003:1100:1359;22053-001:1400:1659;06168-003:1700:1859
MI;54;07008-037:700:859;07270-001:900:1059;18006-001:1100:1359;04171-009:1400:1659;15013-001:1700:1859
MI;55;07008-031:700:859;07005-019:900:1059;18013-001:1100:1359;04168-005:1400:1559;04167-009:1600:1759;33013-001:1800:1959
MI;56;07008-019:700:859;07005-009:900:1059;18009-003:1100:1359;04231-001:1400:1559;01357-003:1600:1759;09704-003:1800:1929
MI;57;05257-003:700:859;07006-007:900:1059;18008-003:1100:1259;04167-001:1400:1559;31026-001:1600:1759;09736-001:1800:1959
MI;58;16001-035:700:829;07231-001:830:959;22023-001:1000:1259;01346-001:1400:1659;10167-003:1700:1959
MI;59;16001-025:700:829;16001-017:830:959;04257-001:1000:1259;01345-001:1400:1659;22010-001:1700:1859
MI;60;16002-007:700:859;07006-009:900:1059;18008-005:1100:1259;01370-001:1400:1659;05249-001:1700:1859
MI;61;16002-025:700:859;07006-033:900:1059;18000-001:1100:1259;01303-023:1400:1659;16016-001:1700:1959
MI;62;08272-007:700:859;07007-009:900:1059;20053-009:1100:1259;01357-001:1400:1559;31008-003:1600:1759;06221-009:1830:2129
MI;63;08272-005:700:859;07008-015:900:1059;12006-001:1100:1259;01302-001:1400:1659;08307-003:1700:1859
MI;64;08295-001:700:859;07008-027:900:1059;24089-001:1100:1259;02652-001:1400:1659;33017-009:1700:1759;10092-011:1830:2129
MI;65;08274-001:700:859;05249-003:900:1059;24016-001:1100:1259;02724-001:1400:1659;09721-017:1700:1859
MI;66;08171-001:700:859;05257-001:900:1059;22047-001:1100:1259;02662-001:1400:1659;22087-001:1830:2129
MI;67;08273-035:700:859;05221-005:900:1059;04184-001:1100:1259;02649-001:1400:1659
MI;68;08307-001:700:859;05191-001:900:1059;04191-001:1100:1259;02748-001:1400:1659
MI;69;08288-003:700:859;16002-027:900:1059;04121-001:1100:1259;02747-001:1400:1659
MI;70;08279-005:700:959;04206-001:1000:1259;31001-001:1400:1559;07265-001:1600:1859
MI;71;08131-001:700:859;16002-003:900:1059;04121-007:1100:1259;31023-101:1400:1659
MI;72;03141-001:700:959;01303-013:1000:1259;31009-001:1400:1559;07266-001:1600:1859
MI;73;03201-003:700:959;01302-017:1000:1259;31014-005:1400:1559;05167-003:1600:1759
MI;74;33002-003:700:959;02624-001:1000:1259;07210-001:1400:1529;05166-003:1600:1759
MI;75;33008-103:700:859;08272-027:900:1059;04237-001:1100:1259;07002-005:1400:1559;05162-003:1600:1759
MI;76;33012-103:700:859;08272-003:900:1059;04169-005:1100:1259;07003-011:1400:1559;16001-039:1600:1729
MI;77;33017-105:700:859;08274-003:900:1059;04167-005:1100:1259;07004-013:1400:1559;16001-027:1600:1729
MI;78;00101-035:700:959;02723-001:1000:1259;07005-005:1400:1559;16002-019:1600:1759
MI;79;00101-005:700:959;02742-001:1000:1259;07006-019:1400:1559;16002-021:1600:1759
MI;80;09703-001:700:829;16001-031:830:959;02776-001:1000:1259;07006-017:1400:1559;08272-029:1600:1759
MI;81;09686-001:700:829;09481-001:830:959;07229-003:1000:1129;10094-007:1130:1259;07007-023:1400:1559;08272-025:1600:1759
MI;82;09748-001:700:829;09748-003:830:959;16001-013:1000:1129;07210-003:1130:1259;07007-021:1400:1559;08299-003:1600:1759
MI;83;09652-001:700:829;08171-003:900:1059;07003-003:1100:1259;07274-001:1400:1559;08301-003:1600:1759
MI;84;09627-001:700:859;08273-025:900:1059;07268-001:1100:1259;07008-023:1400:1559;08275-005:1600:1759
MI;85;20021-005:730:1629
MI;86;20056-001:800:1659
MI;87;20056-003:800:1659
MI;88;20021-003:800:1259;07008-001:1400:1559;08293-003:1600:1759
MI;89;20006-001:800:1759
MI;90;33017-035:800:859;08273-033:900:1059;07005-011:1100:1259;07219-003:1400:1659
MI;91;08288-011:900:1059;07006-015:1100:1259;07230-003:1400:1529;08273-001:1600:1759
MI;92;08131-003:900:1059;07006-035:1100:1259;05167-001:1400:1559;08273-021:1600:1759
MI;93;08286-045:900:1059;07007-005:1100:1259;05162-001:1400:1559;08273-037:1600:1759
MI;94;08286-035:900:1059;07007-033:1100:1259;05174-001:1400:1559;08288-009:1600:1759
MI;95;33020-001:900:1259;05174-003:1400:1559;08286-005:1600:1759
MI;96;33003-061:900:959;08279-001:1000:1259;16001-011:1400:1529;08286-031:1600:1759
MI;97;33008-017:900:959;03167-003:1000:1259;16002-009:1400:1559;08286-051:1600:1759
MI;98;33012-001:900:959;03141-003:1000:1259;16002-011:1400:1559;33016-003:1600:1759
MI;99;09734-001:900:1059;07008-035:1100:1259;08272-013:1400:1559;33008-041:1600:1659
MI;100;09627-003:900:1059;07008-003:1100:1259;08272-031:1400:1559;09746-001:1600:1759
MI;101;04223-013:930:1059;05221-001:1100:1259;08272-021:1400:1559;09331-001:1600:1859
MI;102;03161-001:1000:1259;08295-003:1400:1559;09706-001:1600:1759
MI;103;03201-001:1000:1259;08299-001:1400:1559;09762-003:1600:1759
MI;104;03195-001:1000:1259;08296-003:1400:1559;09713-001:1600:1759
MI;105;33002-001:1000:1259;08301-001:1400:1559;09732-001:1600:1759
MI;106;33003-043:1000:1059;05214-001:1100:1259;08275-003:1400:1559;09721-011:1600:1759
MI;107;33008-019:1000:1059;16002-005:1100:1259;08273-023:1400:1559
MI;108;33012-005:1000:1059;08091-007:1100:1259;08273-003:1400:1559
MI;109;33042-001:1000:1059;08091-001:1100:1259;08286-033:1400:1559
MI;110;00101-007:1000:1259;03162-001:1400:1659
MI;111;08272-011:1100:1259;03203-001:1400:1659
MI;112;08300-003:1100:1259;03186-001:1400:1659
MI;113;08274-005:1100:1259;03191-001:1400:1659
MI;114;08294-003:1100:1259;03195-003:1400:1659
MI;115;08273-015:1100:1259;33016-001:1400:1559
MI;116;08286-003:1100:1259;33003-033:1400:1459;33041-003:1500:1559
MI;117;08286-007:1100:1259;33003-007:1400:1459;09742-001:1500:1759
MI;118;08286-041:1100:1259;33008-021:1400:1459
MI;119;03165-001:1100:1259;33041-001:1400:1459
MI;120;33003-075:1100:1159;17045-007:1200:1359;33000-001:1400:1659
MI;121;33003-029:1100:1159;17045-003:1200:1359;00101-009:1400:1659
MI;122;33003-059:1100:1159;18004-001:1200:1359;29006-001:1400:1759
MI;123;33012-015:1100:1159;18001-001:1200:1359;09694-001:1400:1659
MI;124;33042-003:1100:1159;18014-001:1200:1359;09721-005:1400:1559
MI;125;09687-001:1100:1229
MI;126;09704-001:1100:1229
MI;127;09621-001:1100:1259
MI;128;09664-001:1100:1259
MI;129;09711-001:1100:1259
MI;130;16001-023:1130:1259
MI;131;18049-003:1200:1359
MI;132;18031-001:1200:1359
MI;133;18064-001:1200:1359
MI;134;18003-001:1200:1359
MI;135;18133-001:1200:1359
MI;136;18039-001:1200:1359
MI;137;18048-001:1200:1359
MI;138;18037-001:1200:1359
MI;139;18161-001:1200:1359
MI;140;18126-001:1200:1359
MI;141;18130-001:1200:1359
MI;142;18135-001:1200:1359
MI;143;20066-001:1200:1359
MI;144;20036-001:1200:1359
MI;145;33003-031:1200:1259
MI;146;33042-005:1200:1259
JU;0;18009-001:630:829;21016-001:830:959;21159-001:1000:1129;21159-003:1130:1259;07170-001:1300:1359;17011-001:1400:1559;17114-001:1600:1859;21040-001:1900:2159
JU;1;21006-107:700:959;21006-003:1000:1129;21006-001:1130:1259;07175-001:1300:1359;17129-003:1400:1659;17127-003:1700:1959
JU;2;21112-001:700:829;10158-003:830:959;26022-101:1000:1259;07162-001:1300:1359;17129-001:1400:1659;17127-005:1700:1959
JU;3;32046-101:700:1159;17073-001:1200:1459;33003-003:1500:1559;21159-101:1600:1859;32019-001:1900:2159
JU;4;32011-103:700:1159;17012-001:1200:1359;21147-001:1400:1559;21147-003:1600:1759;17017-001:1800:1959
JU;5;32001-103:700:1259;07246-001:1300:1359;21026-001:1400:1559;25005-003:1600:1759;11322-005:1800:1959
JU;6;11313-003:700:859;21000-001:900:1059;17113-001:1100:1359;25036-001:1400:1629;25033-001:1630:1859;32019-003:1900:2159
JU;7;11236-001:700:859;25035-003:900:1059;17019-001:1100:1359;25005-001:1400:1559;32007-101:1600:1859;26032-001:1900:2159
JU;8;11320-001:700:959;26012-103:1000:1259;32007-001:1400:1559;32007-105:1600:1859;12026-001:1900:2159
JU;9;11335-001:700:859;11238-107:900:1059;17126-001:1100:1359;32005-103:1400:1959
JU;10;11325-003:700:859;11237-003:900:1059;17126-003:1100:1359;32011-001:1400:1659;17099-001:1700:1959
JU;11;11237-001:700:859;26092-001:900:1059;17105-001:1100:1359;11238-103:1400:1559;11239-003:1600:1759;18005-001:1800:1959
JU;12;26008-001:700:859;26004-001:900:1059;17108-001:1100:1259;11121-101:1400:1559;11238-003:1600:1759;15002-002:1800:2159
JU;13;26006-003:700:859;18009-001:900:1059;21000-003:1100:1259;26022-001:1400:1559;11238-001:1600:1759;23205-001:1800:2059
JU;14;26108-001:700:859;18008-001:900:1159;17045-003:1200:1359;26094-001:1400:1559;26008-103:1600:1959
JU;15;26014-001:700:859;12125-001:900:1259;26006-001:1400:1559;26078-101:1600:1859;12066-001:1900:2159
JU;16;20012-001:700:1859;06204-001:1900:2159
JU;17;06173-001:700:959;26102-101:1000:1259;26002-001:1400:1559;26092-005:1600:1759;01365-002:1800:2059
JU;18;06248-001:700:959;26026-001:1000:1259;18128-001:1400:1559;26094-003:1600:1759;31009-003:1800:1959
JU;19;06179-007:700:959;26002-101:1000:1259;20060-005:1400:1559;26004-101:1600:1859;06204-003:1900:2159
JU;20;15001-003:700:959;18049-001:1000:1159;17114-001:1200:1459;33008-011:1500:1559;26099-105:1600:1859;06244-001:1900:2159
JU;21;24025-001:700:959;18049-003:1000:1159;17034-001:1200:1459;33012-017:1500:1559;26099-103:1600:1859;24103-004:1900:2159
JU;22;24023-001:700:859;12050-001:900:1259;20026-001:1400:1759;31029-001:1800:2059
JU;23;10092-001:700:829;10147-001:830:959;12159-001:1000:1259;12021-005:1400:1759;31028-001:1800:1959
JU;24;10147-003:700:829;10094-013:830:959;06224-001:1000:1259;12044-001:1400:1659;17117-001:1700:1959
JU;25;10109-001:700:829;07210-007:830:959;06173-003:1000:1259;12186-001:1400:1659;17100-001:1700:1959
JU;26;10133-001:700:859;12022-001:900:1259;12049-001:1400:1759;07008-043:1800:1959
JU;27;10219-001:700:959;24088-001:1000:1259;12166-003:1400:1759;05167-005:1800:1959
JU;28;23103-003:700:959;10118-001:1000:1259;12048-001:1400:1659;18049-001:1700:1859;24053-004:1900:2159
JU;29;23161-001:700:959;10158-001:1000:1129;10094-015:1130:1259;12158-001:1400:1659;18011-001:1700:1859;24031-001:1900:2159
JU;30;23179-001:700:959;10143-001:1000:1259;12141-001:1400:1759;05231-003:1800:2059
JU;31;23060-001:700:959;10122-001:1000:1259;06221-003:1400:1659;18006-003:1700:1859;10094-021:1900:2159
JU;32;23028-001:700:959;10094-011:1000:1129;07211-003:1130:1259;06171-001:1400:1659;18006-001:1700:1859;10094-005:1900:2159
JU;33;23063-001:700:959;10154-003:1000:1259;06240-001:1400:1659;18009-005:1700:1859;10131-001:1900:2159
JU;34;22022-001:700:1059;21029-003:1100:1259;15000-009:1400:1559;26002-003:1600:1759;08286-033:1800:1959
JU;35;22044-001:700:959;23150-003:1000:1259;15018-003:1400:1559;15000-011:1600:1759;33008-013:1800:1859;23098-001:1900:2159
JU;36;22063-001:700:959;23103-001:1000:1259;10152-001:1400:1659;18008-007:1700:1859;23178-001:1900:2159
JU;37;04171-003:700:959;23054-001:1000:1259;10163-001:1400:1659;18103-001:1700:1859;22074-002:1900:2159
JU;38;04222-003:700:859;12047-001:900:1259;10104-001:1400:1559;10161-003:1600:1729;33012-039:1800:1859;22032-001:1900:2159
JU;39;04223-009:700:859;15000-003:900:1059;25035-001:1100:1259;10094-009:1400:1529;10112-001:1530:1659;20054-001:1700:1859;22038-001:1900:2159
JU;40;04208-001:700:859;15028-001:900:1059;11313-103:1100:1259;10145-001:1400:1659;06275-001:1700:1859;04212-001:1900:2159
JU;41;04228-001:700:959;23180-001:1000:1259;10101-001:1400:1559;10160-001:1600:1759;00133-028:1800:2159
JU;42;04169-001:700:859;24017-001:900:1059;11239-001:1100:1259;23150-001:1400:1659;06275-003:1700:1859;01303-017:1900:2159
JU;43;01360-001:700:959;23179-003:1000:1259;23139-001:1400:1659;15019-001:1700:1859;01151-001:1900:2159
JU;44;01302-009:700:959;22082-001:1000:1259;22021-001:1400:1559;10221-001:1600:1759;00133-015:1800:2159
JU;45;31009-103:700:1059;11238-007:1100:1259;22011-001:1400:1559;22027-001:1600:1759;00133-037:1800:2159
JU;46;31012-103:700:1259;22046-001:1400:1559;22001-001:1600:1759;00133-011:1800:2159
JU;47;31002-001:700:859;10103-001:900:1059;11234-001:1100:1259;04168-011:1400:1559;04223-023:1600:1659;10160-003:1700:1859;31020-001:1900:2159
JU;48;31002-003:700:859;04184-001:900:1059;26092-003:1100:1259;04170-001:1400:1559;04191-005:1600:1759;00133-019:1800:2159
JU;49;07211-001:700:829;16001-029:830:959;22006-001:1000:1259;04202-001:1400:1559;04167-007:1600:1759;00133-035:1800:2159
JU;50;07001-001:700:859;04169-003:900:1059;26004-003:1100:1259;04169-009:1400:1559;31021-001:1600:1759;00133-026:1800:2159
JU;51;07003-001:700:859;02634-001:900:1259;04167-003:1400:1559;07003-015:1600:1759;00133-040:1800:2159
JU;52;07004-009:700:859;31006-001:900:1059;18113-001:1100:1259;01312-005:1400:1659;10092-003:1700:1829;25019-001:1830:2129
JU;53;07005-001:700:859;07266-001:900:1059;18006-003:1100:1359;01345-001:1400:1659;07276-001:1700:1859;05253-003:1900:2159
JU;54;07271-001:700:859;07003-013:900:1059;18006-001:1100:1359;01326-001:1400:1659;16017-001:1700:1959
JU;55;07006-001:700:859;07004-017:900:1059;18013-001:1100:1359;01334-001:1400:1659;33032-001:1700:1859;05198-001:1900:2159
JU;56;07006-029:700:859;07004-005:900:1059;18009-003:1100:1359;01303-019:1400:1659;33008-031:1700:1759;00133-005:1800:2159
JU;57;07273-001:700:859;07269-001:900:1059;18099-001:1100:1259;01302-013:1400:1659;33012-037:1700:1759;00133-038:1800:2159
JU;58;07007-017:700:859;07005-021:900:1059;18008-003:1100:1259;01311-001:1400:1659;30000-001:1700:1859;05198-003:1900:2159
JU;59;07007-013:700:859;07005-007:900:1059;18008-005:1100:1259;01362-005:1400:1659;09735-001:1700:1959
JU;60;07008-005:700:859;07006-005:900:1059;18000-001:1100:1259;02638-001:1400:1759;00133-032:1800:2159
JU;61;07008-013:700:859;07007-031:900:1059;06216-003:1100:1259;31004-001:1400:1559;07004-011:1600:1759;00133-007:1800:2159
JU;62;07008-041:700:859;07007-001:900:1059;15020-001:1100:1259;31008-001:1400:1559;07005-017:1600:1759;00133-016:1800:2159
JU;63;05253-001:700:959;04171-007:1000:1259;31018-001:1400:1659;09721-015:1700:1759;00133-036:1800:2159
JU;64;05164-003:700:1059;10103-003:1100:1259;07212-001:1400:1529;10094-017:1530:1659;00133-022:1800:2159
JU;65;05180-001:700:859;07008-007:900:1059;04168-003:1100:1259;07002-001:1400:1559;07006-003:1600:1759;00133-004:1800:2159
JU;66;16001-003:700:829;16001-019:830:959;04223-003:1000:1129;07229-005:1130:1259;07003-007:1400:1559;07007-025:1600:1759;00133-023:1800:2159
JU;67;16001-033:700:829;09651-001:830:959;04185-001:1000:1259;07004-007:1400:1559;07007-029:1600:1759;00133-039:1800:2159
JU;68;16002-029:700:859;07008-017:900:1059;04187-001:1100:1259;07005-013:1400:1559;07008-021:1600:1759;00133-018:1800:2159
JU;69;16002-015:700:859;16002-017:900:1059;04121-005:1100:1259;07006-027:1400:1559;07008-033:1600:1759;00133-006:1800:2159
JU;70;08272-019:700:859;08091-003:900:1059;04121-003:1100:1259;07006-013:1400:1559;07233-001:1600:1859;08294-005:1900:2059
JU;71;08300-001:700:859;08272-017:900:1059;04167-011:1100:1259;07007-015:1400:1559;05249-001:1600:1859;03159-001:1900:2159
JU;72;08300-007:700:859;08272-009:900:1059;07265-001:1100:1259;07007-011:1400:1559;05166-001:1600:1759;00133-010:1800:2159
JU;73;08294-001:700:859;08301-005:900:1059;07003-009:1100:1259;07008-025:1400:1559;05173-001:1600:1759;00133-002:1800:2159
JU;74;08290-001:700:859;08290-003:900:1059;07267-001:1100:1259;07008-011:1400:1559;16001-037:1600:1729;00133-025:1800:2159
JU;75;08171-005:700:859;08171-007:900:1059;07004-015:1100:1259;07220-001:1400:1659;00133-033:1800:2159
JU;76;08289-001:700:859;08303-001:900:1059;07004-003:1100:1259;07229-001:1400:1529;07213-001:1530:1659;00133-008:1800:2159
JU;77;08273-017:700:859;08273-019:900:1059;07005-015:1100:1259;05249-003:1400:1559;16001-021:1600:1729;00133-003:1800:2159
JU;78;08273-011:700:859;08273-029:900:1059;07006-025:1100:1259;05164-001:1400:1759;00133-031:1800:2159
JU;79;08287-001:700:859;08286-051:900:1059;07006-011:1100:1259;05191-003:1400:1559;16002-031:1600:1759;00133-014:1800:2159
JU;80;08288-013:700:859;33003-105:900:1059;07007-019:1100:1259;05175-005:1400:1559;16002-001:1600:1759;00133-020:1800:2159
JU;81;08288-001:700:859;33003-079:900:959;01312-003:1000:1259;16001-007:1400:1529;08272-015:1600:1759;00133-001:1800:2159
JU;82;08131-005:700:859;33008-045:900:959;01360-003:1000:1259;16002-013:1400:1559;08300-005:1600:1759;00133-021:1800:2159
JU;83;03093-005:700:959;01303-015:1000:1259;16013-001:1400:1659;00133-024:1800:2159
JU;84;03129-003:700:959;01302-023:1000:1259;08091-005:1400:1559;08274-007:1600:1759;00133-012:1800:2159
JU;85;03129-005:700:959;01302-007:1000:1259;08272-023:1400:1559;08275-001:1600:1759;00133-009:1800:2159
JU;86;33006-001:700:959;01350-001:1000:1259;08295-005:1400:1559;08278-003:1600:1759;00133-027:1800:2159
JU;87;33003-041:700:759;20056-001:800:1659;00133-013:1800:2159
JU;88;33008-105:700:859;33019-003:900:1059;07007-003:1100:1259;08301-009:1400:1559;08278-005:1600:1759;00133-029:1800:2159
JU;89;33012-105:700:859;09710-001:900:1059;07008-009:1100:1259;08274-009:1400:1559;08293-001:1600:1759;00133-034:1800:2159
JU;90;00101-011:700:959;31026-103:1000:1259;08278-001:1400:1559;08171-009:1600:1759;00133-030:1800:2159
JU;91;09703-003:700:829;09710-003:900:1059;07008-029:1100:1259;08293-005:1400:1559;08273-031:1600:1759;00133-017:1800:2159
JU;92;09641-003:700:959;07237-001:1000:1259;08171-011:1400:1559;08273-005:1600:1759;09738-001:1800:2059
JU;93;09641-004:700:959;07215-001:1000:1129;16001-015:1130:1259;08273-009:1400:1559;08288-007:1600:1759;09744-001:1800:1959
JU;94;11264-001:730:959;07218-003:1000:1259;08273-007:1400:1559;08131-011:1600:1759;09725-001:1800:1959
JU;95;20021-005:730:1629;10195-001:1830:2129
JU;96;20056-003:800:1659;03159-003:1900:2159
JU;97;20005-001:800:1159;18004-001:1200:1359;08276-001:1400:1559;08286-009:1600:1759;33012-041:1900:1959
JU;98;20021-003:800:1259;08288-005:1400:1559;08286-023:1600:1759;00121-001:1900:2159
JU;99;20007-001:800:1159;18001-001:1200:1359;08279-003:1400:1659;29023-001:1900:2159
JU;100;06224-009:800:859;09705-001:900:1059;07008-039:1100:1259;08131-015:1400:1559;08286-043:1600:1759;29016-001:1900:2159
JU;101;22031-001:800:1159;18014-001:1200:1359;08286-029:1400:1559;08286-035:1600:1759;29038-001:1900:2159
JU;102;33003-039:800:859;09728-001:900:1059;05173-003:1100:1259;03162-001:1400:1659;29031-001:1900:2159
JU;103;09714-001:900:1059;16002-023:1100:1259;03200-003:1400:1659;29027-001:1900:2159
JU;104;09721-005:900:1059;16024-001:1100:1259;03206-005:1400:1659;29044-001:1900:2159
JU;105;04223-013:930:1059;08272-001:1100:1259;03151-001:1400:1659;29017-001:1900:2159
JU;106;04223-007:930:1059;08301-007:1100:1259;33020-003:1400:1759;29039-001:1900:2159
JU;107;04223-011:930:1059;08273-027:1100:1259;33003-001:1400:1459;33003-005:1600:1659;29028-001:1900:2159
JU;108;07230-001:1000:1129;16001-005:1130:1259;33008-039:1400:1459;33008-005:1600:1659;30000-003:1900:2059
JU;109;05225-001:1000:1259;33017-033:1400:1459;33008-025:1600:1659;09634-001:1900:2159
JU;110;16001-009:1000:1129;09749-001:1130:1259;00101-015:1400:1659;09674-001:1900:2159
JU;111;16001-001:1000:1129;18031-001:1200:1359;29010-001:1400:1659
JU;112;03162-001:1000:1259;30003-001:1400:1759
JU;113;03200-001:1000:1259;30002-003:1400:1759
JU;114;03097-007:1000:1259;09739-001:1400:1559;33017-029:1600:1659
JU;115;03149-003:1000:1259;09635-001:1400:1659
JU;116;03123-005:1000:1259;09663-001:1400:1659
JU;117;03206-003:1000:1259;09732-101:1400:1759
JU;118;03129-001:1000:1259;09761-001:1400:1659
JU;119;33010-001:1000:1259;09746-001:1600:1759
JU;120;33008-043:1000:1059;08273-013:1100:1259;09739-003:1600:1759
JU;121;00101-013:1000:1259;09729-001:1600:1759
JU;122;09640-003:1000:1259
JU;123;09640-004:1000:1259
JU;124;08306-001:1100:1259
JU;125;08131-009:1100:1259
JU;126;08286-003:1100:1259
JU;127;08286-045:1100:1259
JU;128;33003-085:1100:1159;18064-001:1200:1359
JU;129;33017-005:1100:1159;18003-001:1200:1359
JU;130;33019-001:1100:1259
JU;131;09551-001:1100:1259
JU;132;18112-001:1200:1359
JU;133;18048-001:1200:1359
JU;134;18123-001:1200:1359
JU;135;20036-003:1200:1359
JU;136;33003-077:1200:1259
VI;0;18009-001:630:829;21022-001:830:959;21159-103:1000:1259;07255-001:1300:1359;17052-001:1400:1659;17117-001:1700:1959
VI;1;21098-003:700:959;21014-105:1000:1259;17005-005:1400:1659;21109-001:1700:1859;06204-005:1900:2159
VI;2;25036-003:700:859;11264-101:900:1059;17029-001:1100:1359;17005-001:1400:1659;11321-001:1700:1959
VI;3;32000-103:700:1159;17012-001:1200:1359;17128-001:1400:1659;18001-001:1700:1859;24103-002:1900:2159
VI;4;11239-105:700:859;11238-009:900:1059;17033-001:1100:1359;17124-001:1400:1659;18011-001:1700:1859;01151-003:1900:2159
VI;5;11236-003:700:859;26012-003:900:1059;17110-001:1100:1359;21033-001:1400:1559;17101-001:1600:1959
VI;6;11335-101:700:859;26084-009:900:1059;21029-005:1100:1259;21132-003:1400:1659;18009-003:1700:1859
VI;7;11325-101:700:859;18009-001:900:1059;21029-001:1100:1259;32001-101:1400:1959
VI;8;11332-001:700:959;21143-001:1000:1259;32000-101:1400:1859
VI;9;11121-001:700:859;18008-001:900:1159;17084-001:1200:1559;21162-101:1600:1859
VI;10;26012-001:700:859;18005-001:900:1059;11238-111:1100:1259;32004-001:1400:1559;21014-103:1600:1859
VI;11;26115-001:700:959;21008-101:1000:1259;11313-001:1400:1559;21014-101:1600:1859
VI;12;26099-003:700:859;12132-001:900:1259;11239-005:1400:1559;11238-113:1600:1759;17034-001:1800:1959
VI;13;26010-001:700:859;12136-001:900:1259;11238-105:1400:1559;11322-005:1600:1759;25019-003:1800:2059
VI;14;26016-001:700:829;10094-019:830:959;32028-001:1000:1259;11325-001:1400:1559;26008-003:1600:1759;08296-001:1800:1859
VI;15;20012-001:700:1859
VI;16;06249-001:700:959;26006-103:1000:1259;26022-003:1400:1559;26123-101:1600:1859
VI;17;06163-003:700:959;26067-103:1000:1259;26116-003:1400:1659;18008-007:1700:1859
VI;18;06257-001:700:959;26067-101:1000:1259;26099-001:1400:1559;26066-001:1600:1759;08286-033:1800:1959
VI;19;06221-001:700:959;26099-101:1000:1259;26084-007:1400:1559;26002-107:1600:1859
VI;20;06271-001:700:959;18012-001:1000:1159;18004-001:1200:1359;20037-003:1400:1659;06224-001:1700:1759;17123-001:1830:2029
VI;21;06180-005:700:959;18049-001:1000:1159;18127-001:1200:1359;12021-003:1400:1759
VI;22;15026-001:700:959;18049-003:1000:1159;18031-001:1200:1359;12044-003:1400:1659;06178-001:1700:1859
VI;23;24052-003:700:959;12052-001:1000:1259;06190-001:1400:1659;06178-003:1700:1859
VI;24;10149-001:700:959;12182-001:1000:1259;06254-003:1400:1659;06178-005:1700:1859
VI;25;10164-003:700:859;10162-003:900:1059;26084-009:1100:1259;06221-005:1400:1659;06178-007:1700:1859
VI;26;10164-001:700:859;04223-019:900:959;12169-001:1000:1259;06180-009:1400:1659;06178-009:1700:1859
VI;27;10154-001:700:959;06224-007:1000:1259;06179-009:1400:1659;10208-001:1700:1959
VI;28;23052-001:700:959;06163-001:1000:1259;06275-003:1400:1659;02639-001:1700:2059
VI;29;23101-001:700:959;06174-001:1000:1259;15019-003:1400:1559;26002-103:1600:1859
VI;30;04168-009:700:859;04121-009:900:1059;18113-001:1100:1259;24054-003:1400:1659;07281-001:1700:1859
VI;31;04193-005:700:959;06243-001:1000:1259;24121-003:1400:1659;07272-001:1700:1759
VI;32;01303-021:700:959;06178-009:1000:1259;24121-001:1400:1659;08274-007:1700:1759
VI;33;01362-001:700:959;06275-001:1000:1259;10152-001:1400:1659;33022-001:1700:1859
VI;34;02774-001:700:959;10163-003:1000:1259;10161-001:1400:1659;09721-007:1700:1859
VI;35;02623-001:700:959;10156-003:1000:1129;21006-005:1130:1259;10096-003:1400:1659
VI;36;31009-105:700:1059;18006-003:1100:1359;10143-003:1400:1659
VI;37;31012-101:700:1259;10094-023:1400:1529;20011-005:1600:1759
VI;38;31003-001:700:859;07002-003:900:1059;18006-001:1100:1359;23068-001:1400:1659
VI;39;07005-003:700:859;07003-017:900:1059;18013-001:1100:1359;23004-001:1400:1759
VI;40;07006-031:700:859;07005-009:900:1059;18009-001:1100:1159;18064-001:1200:1359;22028-001:1400:1759
VI;41;07007-007:700:859;07006-007:900:1059;18153-001:1100:1459;17096-001:1500:1959
VI;42;07007-027:700:859;07006-009:900:1059;18008-003:1100:1259;22020-001:1400:1759
VI;43;07008-031:700:859;07007-009:900:1059;18008-005:1100:1259;22092-001:1400:1659
VI;44;07008-019:700:859;07008-015:900:1059;18000-001:1100:1259;22017-001:1400:1659
VI;45;05257-003:700:859;05249-003:900:1059;20063-001:1100:1259;04193-003:1400:1659
VI;46;16001-035:700:829;07210-005:830:959;10209-003:1000:1259;04167-001:1400:1559;04169-007:1600:1759
VI;47;16001-025:700:829;07231-001:830:959;10128-001:1000:1259;01357-001:1400:1559;01357-003:1600:1759
VI;48;16002-007:700:859;05257-001:900:1059;20053-011:1100:1259;01302-021:1400:1659
VI;49;08272-007:700:859;05221-005:900:1059;20053-001:1100:1259;02618-001:1400:1659
VI;50;08272-005:700:859;05191-001:900:1059;24089-001:1100:1259;02663-001:1400:1659
VI;51;08295-001:700:859;16002-003:900:1059;24016-001:1100:1259;02735-001:1400:1659
VI;52;08274-001:700:759;20056-001:800:1659
VI;53;08273-035:700:859;08272-027:900:1059;22047-001:1100:1259;02749-001:1400:1659
VI;54;08307-001:700:859;08272-003:900:1059;04191-001:1100:1259;31001-001:1400:1559;07271-001:1600:1659
VI;55;08288-003:700:859;08274-003:900:959;10094-003:1000:1129;10156-001:1130:1259;31004-101:1400:1659
VI;56;03093-003:700:959;23182-001:1000:1259;31009-101:1400:1759
VI;57;03195-005:700:959;23201-001:1000:1259;31014-001:1400:1559;05166-003:1600:1759
VI;58;33001-001:700:859;08273-033:900:1059;04121-001:1100:1259;07235-003:1400:1659
VI;59;00101-017:700:959;22016-001:1000:1259;07210-001:1400:1529;05162-003:1600:1759
VI;60;00101-037:700:959;04193-001:1000:1259;07267-001:1400:1459;07268-001:1500:1559;16002-019:1600:1759
VI;61;29009-001:700:859;08288-011:900:1059;04237-001:1100:1259;07004-013:1400:1559;08272-029:1600:1759
VI;62;29004-001:700:1059;04169-005:1100:1259;07005-005:1400:1559;08272-025:1600:1759
VI;63;29008-001:700:1059;07003-003:1100:1259;07006-017:1400:1559;08274-009:1600:1659
VI;64;29003-001:700:1059;07005-011:1100:1259;07007-023:1400:1559;08275-005:1600:1759
VI;65;29002-001:700:1059;07006-015:1100:1259;07274-001:1400:1559;08293-003:1600:1759
VI;66;29005-001:700:859;08286-047:900:1059;07006-035:1100:1259;07008-001:1400:1559;08273-001:1600:1759
VI;67;29007-001:700:859;33009-001:900:1059;07007-005:1100:1259;07218-005:1400:1659
VI;68;09703-001:700:859;33029-001:900:1059;07007-033:1100:1259;07230-003:1400:1529;08288-009:1600:1759
VI;69;09748-001:700:859;33003-107:900:1059;07008-035:1100:1259;05249-001:1400:1559;08286-021:1600:1759
VI;70;09652-101:700:859;33008-007:900:959;04203-001:1000:1259;05274-001:1400:1659
VI;71;20056-003:800:1659
VI;72;20037-001:800:1059;07008-003:1100:1259;05175-003:1400:1559;08286-017:1600:1759
VI;73;20065-001:800:1559;33029-005:1600:1759
VI;74;33008-003:800:859;33017-025:900:959;01326-003:1000:1259;05175-001:1400:1559;33003-065:1600:1659
VI;75;33017-007:800:859;33018-005:900:1059;05221-001:1100:1259;16002-009:1400:1559;33008-047:1600:1659
VI;76;33017-013:800:859;29009-001:900:1259;16019-001:1400:1659
VI;77;16001-017:830:959;01302-025:1000:1259;08272-013:1400:1559;33017-021:1600:1659
VI;78;16001-031:830:959;01302-005:1000:1259;08272-031:1400:1559;33017-027:1600:1659
VI;79;29005-001:900:1259;08272-021:1400:1559;33004-005:1600:1659
VI;80;29007-001:900:1259;08296-003:1400:1459;33003-025:1500:1559;09686-101:1600:1759
VI;81;09703-003:900:1059;05214-001:1100:1259;08275-003:1400:1559;09481-103:1600:1759
VI;82;09705-001:900:1059;16002-005:1100:1259;08273-003:1400:1559
VI;83;09748-003:900:1059;08091-007:1100:1259;08286-029:1400:1559
VI;84;01313-001:1000:1259;08286-025:1400:1559
VI;85;01362-007:1000:1259;03167-001:1400:1659
VI;86;01362-003:1000:1259;03196-001:1400:1659
VI;87;02775-001:1000:1259;03197-001:1400:1659
VI;88;02733-001:1000:1259;33006-003:1400:1659
VI;89;02746-001:1000:1259;33003-037:1400:1459;33003-063:1500:1559
VI;90;02619-001:1000:1259;33012-021:1400:1459;33017-019:1500:1559
VI;91;07229-003:1000:1129;10094-007:1130:1259;33017-011:1400:1459;33017-031:1500:1559
VI;92;05324-001:1000:1259;33004-001:1400:1459;33004-003:1500:1559
VI;93;16001-013:1000:1129;07210-003:1130:1259;00101-029:1400:1659
VI;94;03198-001:1000:1259;29021-001:1400:1659
VI;95;03167-007:1000:1259;29014-001:1400:1659
VI;96;03097-005:1000:1259;29029-001:1400:1659
VI;97;03093-001:1000:1259;29025-001:1400:1659
VI;98;03195-007:1000:1259;29042-001:1400:1659
VI;99;03197-003:1000:1259;09704-001:1400:1559
VI;100;03153-001:1000:1259;09746-001:1400:1559
VI;101;03204-001:1000:1259;09764-001:1400:1659
VI;102;33012-025:1000:1059;08091-001:1100:1259;09651-101:1400:1559
VI;103;33012-035:1000:1059;08272-011:1100:1259;09749-101:1400:1559
VI;104;00101-019:1000:1259;09702-003:1400:1559
VI;105;09752-001:1000:1259;09729-101:1400:1759
VI;106;09724-001:1000:1259
VI;107;08300-003:1100:1259
VI;108;08274-005:1100:1159;18003-001:1200:1359
VI;109;08294-003:1100:1259
VI;110;08273-015:1100:1259
VI;111;08286-019:1100:1259
VI;112;33009-003:1100:1259
VI;113;33029-003:1100:1259
VI;114;33003-109:1100:1259
VI;115;33003-053:1100:1159;18137-001:1200:1359
VI;116;33008-009:1100:1159;18133-001:1200:1359
VI;117;33012-031:1100:1159;18009-003:1200:1359
VI;118;33017-017:1100:1159;18162-001:1200:1359
VI;119;29004-001:1100:1259
VI;120;29008-001:1100:1259
VI;121;29003-001:1100:1259
VI;122;29002-001:1100:1259
VI;123;09687-001:1100:1259
VI;124;09702-001:1100:1259
VI;125;09711-001:1100:1259
VI;126;09721-009:1100:1259
VI;127;16001-023:1130:1259
VI;128;18092-001:1200:1359
VI;129;18123-001:1200:1359
VI;130;18041-001:1200:1359
VI;131;18150-001:1200:1359
VI;132;18161-001:1200:1359
VI;133;18135-001:1200:1359
VI;134;18040-001:1200:1359
VI;135;33003-055:1200:1259
VI;136;33008-037:1200:1259
VI;137;33012-033:1200:1259
SA;0;11325-001:0:1;11325-003:2:3;21129-001:700:959;17096-001:1000:1259;18011-001:1300:1459;18012-001:1500:1659;17062-001:1700:1959
SA;1;07269-001:700:759;32006-105:800:1259;18000-001:1300:1659;32014-001:1900:2059
SA;2;25038-001:705:706;25038-003:713:714;26008-105:800:1159;26022-107:1200:1459;09640-007:1500:1759
SA;3;18077-001:800:1159;18156-001:1200:1359;17110-001:1400:1659
SA;4;20041-003:800:1159;18131-001:1200:1359;17091-001:1400:1659
SA;5;20041-001:800:1159;18111-001:1200:1359;21162-103:1400:1659
SA;6;12138-001:800:1159;18148-001:1200:1359;33025-001:1400:1559;26031-001:1600:1759
SA;7;10184-001:800:1559
SA;8;10176-001:800:959;17108-001:1000:1259;07002-004:1330:1729
SA;9;02639-001:800:1159;18031-001:1200:1359;09640-009:1400:1659
SA;10;31026-101:800:1059;17072-001:1100:1459;09640-008:1500:1759
SA;11;07211-002:800:1059;17007-005:1100:1359;09640-010:1400:1659
SA;12;07212-002:800:1059;17007-001:1100:1359;09641-007:1400:1659
SA;13;07001-002:800:1159;18064-001:1200:1359;09641-008:1400:1659
SA;14;07002-002:800:1159;18008-003:1200:1359;09641-009:1500:1759
SA;15;07003-002:800:1159;18106-001:1200:1359;09641-010:1500:1759
SA;16;07004-002:800:1159;18149-001:1200:1359
SA;17;07004-006:800:1159;18150-001:1200:1359
SA;18;07270-001:800:859;17009-003:900:1159;18040-001:1200:1359
SA;19;07005-002:800:1159;06265-005:1200:1459
SA;20;07005-006:800:1159;06265-006:1200:1459
SA;21;07006-006:800:1159;09640-005:1200:1459
SA;22;07006-002:800:1159;09640-006:1200:1459
SA;23;07007-002:800:1159;07004-004:1330:1729
SA;24;07007-006:800:1159;07005-008:1330:1729
SA;25;07007-012:800:1159;07005-004:1330:1729
SA;26;07008-006:800:1159;07006-004:1330:1729
SA;27;07008-002:800:1159;07007-004:1330:1729
SA;28;07275-001:800:1159;07007-010:1330:1729
SA;29;07218-002:800:1059;17007-007:1100:1359
SA;30;07229-002:800:1059;17099-001:1100:1359
SA;31;26004-105:900:1159;07007-008:1330:1729
SA;32;20002-001:900:1359
SA;33;20002-003:900:1359
SA;34;20002-005:900:1359
SA;35;20041-005:900:1159;07008-004:1330:1729
SA;36;31023-001:900:1259;07008-008:1330:1729
SA;37;33028-003:900:1059;17023-001:1100:1359
SA;38;09704-003:900:1059;20052-001:1100:1259;07008-010:1330:1729
SA;39;09641-005:900:1159
SA;40;09641-006:900:1159
SA;41;21022-101:1000:1259
SA;42;21129-101:1000:1259
SA;43;18001-001:1000:1159
SA;44;18049-001:1000:1159
SA;45;18049-003:1000:1159
SA;46;18008-007:1000:1159
SA;47;20013-001:1000:1259
SA;48;07210-002:1100:1359
SA;49;07210-009:1100:1359
SA;50;07219-002:1100:1359
SA;51;07230-002:1100:1359
SA;52;33025-003:1100:1259
DO;0;22032-001:0:1;32003-001:1:2;22032-001:2:3;32003-001:3:4;22032-001:4:5;32051-001:5:6;22032-001:6:7;32046-001:7:8;22032-001:8:9;32046-001:9:10;22032-001:10:11;32046-001:11:12;22032-001:12:13;32046-001:13:14;22032-001:14:15;32046-101:15:16;22032-001:16:17;32046-101:17:18;22032-001:18:19;32046-101:19:20;22032-001:20:21;32046-101:21:22;22032-001:22:23;32004-001:24:25;32004-001:26:27;32004-001:28:29;32004-001:30:31;32004-001:34:35;32004-001:36:37;32028-101:40:41;32001-001:42:43;22038-001:100:101;22038-001:102:103;22038-001:104:105;22038-001:106:107;22038-001:108:109;22038-001:110:111;22038-001:112:113;22038-001:114:115;22038-001:116:117;22038-001:118:119;22038-001:120:121;29048-001:200:359;29049-001:400:559;20053-003:600:729;18159-001:800:1159;24089-001:1200:1201;17127-001:1201:1203;09711-001:1203:1204;24028-001:1400:1659;28003-001:1703:1704;28003-001:1705:1706;05316-001:1800:1801;05316-003:1802:1803;05317-001:1806:1807;05316-005:1812:1813;05317-003:1816:1817;30003-001:1817:1818;30003-001:1819:1820;30003-003:1823:1824;30003-003:1825:1826;30003-003:1827:1828;30003-003:1829:1830;30003-003:1831:1832;30003-003:1833:1834;30003-003:1835:1836;30002-001:1837:1838;30002-001:1839:1840;30002-003:1841:1842;30002-003:1843:1844
DO;1;29046-001:0:159;25005-001:301:302;25005-001:303:304;25005-001:305:306;25005-001:307:308;25005-001:309:310;25005-003:311:312;25005-003:313:314;25005-003:315:316;25005-003:317:318;25005-003:319:320;29050-001:600:759;18159-003:800:1159;09707-001:1201:1202;22024-001:1400:1759
DO;2;33022-001:1:2;33013-001:3:4;05317-005:4:5;05318-007:6:7;05319-001:8:9;05319-003:10:11;04236-001:100:101;25033-001:631:632;25033-001:633:634;25033-101:635:636;25033-101:637:638;25033-103:639:640;25033-103:641:642;25033-103:643:644;25012-001:645:646;25012-001:647:648;25012-001:649:650;25012-001:651:652;25012-001:653:654;25012-001:655:656;25012-001:657:658;25038-001:659:700;25038-001:701:702;25038-001:703:704;25038-003:707:708;25038-003:709:710;25038-003:711:712;23062-001:800:1159;05304-007:1400:1559
DO;3;00132-001:100:359;23029-001:800:1159;05304-003:1400:1559
DO;4;22029-001:800:1159;05304-011:1400:1559
DO;5;29047-001:800:959;20060-007:1000:1129;05304-013:1400:1559
DO;6;29022-001:800:1059;25035-001:1101:1102;25035-001:1103:1104;25035-003:1105:1106;25035-003:1107:1108;25019-001:1109:1110;25019-001:1111:1112;25019-003:1113:1114;25019-003:1115:1116;05304-009:1400:1559
DO;7;29015-001:800:1059;05304-019:1400:1559
DO;8;29026-001:800:1059;05304-017:1400:1559
DO;9;29051-001:1000:1159;05304-015:1400:1559
DO;10;05304-005:1400:1559
DO;11;05304-001:1400:1559
DO;12;29052-001:1400:1559
